Unnamed: 0,learner_id,course_id,learner_rating
0,1041,543.0,5.0
1,1041,683.0,4.0
2,1041,185.0,5.0
3,1041,457.0,5.0
4,1041,150.0,5.0
5,1041,108.0,5.0
6,1041,420.0,5.0
7,1041,300.0,3.0
8,1041,453.0,5.0
9,1041,403.0,5.0
10,1041,266.0,4.0
11,1044,242.0,5.0
12,1044,641.0,5.0
13,1044,556.0,5.0
14,1044,300.0,4.0
15,1044,243.0,5.0
16,1044,569.0,5.0
17,1044,131.0,4.0
18,1044,190.0,5.0
19,1044,627.0,5.0
20,1044,321.0,5.0
21,1044,108.0,5.0
22,1044,377.0,3.0
23,1044,381.0,3.0
24,1044,367.0,5.0
25,1044,546.0,5.0
26,1044,378.0,3.0
27,1044,420.0,3.0
28,1044,437.0,4.0
29,783,478.0,3.0
30,783,388.0,3.0
31,783,495.0,4.0
32,783,223.0,4.0
33,783,597.0,4.0
34,783,439.0,3.0
35,783,609.0,1.0
36,783,459.0,3.0
37,783,257.0,4.0
38,783,41.0,3.0
39,783,527.0,3.0
40,783,190.0,2.0
41,783,636.0,5.0
42,783,440.0,3.0
43,783,256.0,3.0
44,8,444.0,3.0
45,8,364.0,4.0
46,8,380.0,5.0
47,8,377.0,4.0
48,8,404.0,5.0
49,8,72.0,3.0
50,8,344.0,4.0
51,8,236.0,4.0
52,8,560.0,4.0
53,8,368.0,4.0
54,8,360.0,4.0
55,8,392.0,3.0
56,8,563.0,4.0
57,8,239.0,4.0
58,8,568.0,5.0
59,8,411.0,4.0
60,8,198.0,4.0
61,8,564.0,4.0
62,8,593.0,4.0
63,8,100.0,5.0
64,8,348.0,4.0
65,8,0.0,4.0
66,8,381.0,5.0
67,8,567.0,4.0
68,8,279.0,2.0
69,8,363.0,4.0
70,8,394.0,2.0
71,8,572.0,4.0
72,8,200.0,4.0
73,8,393.0,3.0
74,8,81.0,3.0
75,8,562.0,4.0
76,8,590.0,3.0
77,8,347.0,4.0
78,8,531.0,5.0
79,8,321.0,4.0
80,8,131.0,3.0
81,8,412.0,4.0
82,8,84.0,3.0
83,8,83.0,3.0
84,8,362.0,4.0
85,8,351.0,4.0
86,8,591.0,4.0
87,8,237.0,3.0
88,8,571.0,4.0
89,8,349.0,4.0
90,8,135.0,4.0
91,8,403.0,4.0
92,8,470.0,3.0
93,8,352.0,5.0
94,8,201.0,4.0
95,8,565.0,4.0
96,8,3.0,4.0
97,8,379.0,5.0
98,8,300.0,4.0
99,8,569.0,4.0
100,8,345.0,5.0
101,8,282.0,3.0
102,8,197.0,4.0
103,8,338.0,3.0
104,8,199.0,4.0
105,8,346.0,5.0
106,8,238.0,3.0
107,8,211.0,4.0
108,8,624.0,5.0
109,8,247.0,4.0
110,8,150.0,4.0
111,8,245.0,4.0
112,8,548.0,3.0
113,8,350.0,4.0
114,8,337.0,4.0
115,1064,265.0,5.0
116,1064,488.0,4.0
117,1064,578.0,5.0
118,1064,120.0,4.0
119,1064,581.0,5.0
120,1064,133.0,5.0
121,1064,627.0,5.0
122,1064,498.0,4.0
123,1064,177.0,4.0
124,1064,433.0,5.0
125,1064,575.0,5.0
126,985,244.0,5.0
127,985,275.0,5.0
128,985,570.0,3.0
129,985,564.0,4.0
130,985,576.0,4.0
131,985,577.0,5.0
132,985,569.0,4.0
133,985,571.0,3.0
134,985,539.0,3.0
135,985,236.0,4.0
136,985,619.0,5.0
137,985,495.0,3.0
138,985,192.0,4.0
139,985,83.0,4.0
140,985,565.0,4.0
141,985,562.0,4.0
142,985,388.0,3.0
143,985,238.0,3.0
144,985,82.0,5.0
145,985,560.0,5.0
146,985,290.0,4.0
147,985,354.0,2.0
148,985,572.0,3.0
149,985,89.0,5.0
150,985,618.0,5.0
151,985,370.0,4.0
152,985,237.0,5.0
153,985,368.0,5.0
154,985,557.0,3.0
155,985,239.0,5.0
156,414,634.0,5.0
157,414,630.0,5.0
158,414,477.0,5.0
159,414,352.0,5.0
160,414,351.0,4.0
161,414,394.0,4.0
162,414,95.0,5.0
163,414,124.0,5.0
164,414,42.0,5.0
165,414,464.0,4.0
166,414,560.0,5.0
167,414,70.0,5.0
168,414,436.0,5.0
169,414,141.0,5.0
170,414,11.0,5.0
171,414,82.0,5.0
172,414,676.0,3.0
173,414,291.0,5.0
174,414,417.0,5.0
175,414,44.0,5.0
176,414,21.0,5.0
177,414,264.0,5.0
178,414,395.0,4.0
179,414,145.0,5.0
180,414,461.0,5.0
181,414,274.0,5.0
182,414,81.0,5.0
183,414,23.0,5.0
184,414,108.0,5.0
185,414,618.0,5.0
186,414,71.0,5.0
187,414,383.0,3.0
188,414,627.0,5.0
189,414,197.0,3.0
190,414,631.0,5.0
191,414,26.0,5.0
192,414,143.0,5.0
193,414,562.0,5.0
194,900,56.0,2.0
195,900,139.0,3.0
196,900,428.0,4.0
197,900,300.0,5.0
198,900,256.0,5.0
199,900,148.0,4.0
200,900,558.0,4.0
201,900,683.0,5.0
202,900,641.0,4.0
203,900,543.0,2.0
204,900,110.0,3.0
205,900,75.0,3.0
206,36,15.0,2.0
207,36,228.0,5.0
208,36,66.0,5.0
209,36,77.0,4.0
210,36,362.0,4.0
211,36,478.0,5.0
212,36,183.0,4.0
213,36,61.0,4.0
214,36,415.0,3.0
215,36,321.0,3.0
216,36,20.0,1.0
217,36,378.0,5.0
218,36,419.0,5.0
219,36,65.0,4.0
220,36,174.0,3.0
221,36,134.0,5.0
222,36,60.0,5.0
223,36,343.0,4.0
224,36,27.0,4.0
225,36,536.0,1.0
226,36,662.0,4.0
227,36,533.0,2.0
228,36,360.0,4.0
229,36,39.0,4.0
230,36,126.0,3.0
231,36,35.0,5.0
232,36,532.0,2.0
233,36,400.0,5.0
234,36,387.0,4.0
235,36,2.0,5.0
236,36,67.0,4.0
237,36,92.0,5.0
238,36,392.0,5.0
239,36,633.0,5.0
240,36,32.0,4.0
241,36,388.0,4.0
242,36,457.0,4.0
243,36,132.0,4.0
244,36,238.0,5.0
245,53,192.0,5.0
246,53,201.0,5.0
247,53,26.0,4.0
248,53,350.0,5.0
249,53,254.0,5.0
250,53,197.0,5.0
251,53,396.0,5.0
252,53,297.0,5.0
253,53,373.0,5.0
254,53,494.0,5.0
255,53,382.0,5.0
256,53,22.0,5.0
257,53,345.0,5.0
258,53,683.0,5.0
259,53,257.0,5.0
260,53,346.0,5.0
261,53,3.0,5.0
262,53,566.0,5.0
263,53,414.0,5.0
264,53,344.0,5.0
265,53,337.0,5.0
266,53,383.0,5.0
267,53,347.0,5.0
268,53,368.0,5.0
269,53,288.0,5.0
270,53,375.0,5.0
271,53,223.0,5.0
272,53,413.0,5.0
273,53,401.0,5.0
274,53,348.0,5.0
275,53,374.0,5.0
276,53,509.0,5.0
277,53,560.0,5.0
278,53,352.0,5.0
279,53,190.0,5.0
280,53,563.0,5.0
281,53,198.0,5.0
282,53,367.0,5.0
283,53,73.0,5.0
284,53,354.0,5.0
285,53,75.0,5.0
286,53,477.0,5.0
287,53,369.0,5.0
288,53,628.0,5.0
289,53,303.0,5.0
290,53,176.0,5.0
291,53,145.0,5.0
292,53,211.0,5.0
293,53,371.0,5.0
294,53,376.0,5.0
295,53,23.0,5.0
296,53,407.0,5.0
297,53,21.0,5.0
298,53,366.0,5.0
299,53,290.0,5.0
300,53,411.0,5.0
301,53,195.0,5.0
302,53,282.0,3.0
303,53,322.0,5.0
304,53,618.0,5.0
305,53,24.0,5.0
306,53,622.0,5.0
307,53,597.0,5.0
308,53,200.0,5.0
309,53,496.0,5.0
310,53,270.0,1.0
311,53,410.0,5.0
312,53,353.0,5.0
313,53,275.0,1.0
314,53,602.0,5.0
315,53,72.0,5.0
316,159,224.0,1.0
317,159,190.0,5.0
318,159,395.0,4.0
319,159,364.0,4.0
320,159,135.0,4.0
321,159,283.0,4.0
322,159,41.0,5.0
323,159,622.0,5.0
324,159,237.0,5.0
325,159,619.0,5.0
326,159,410.0,5.0
327,159,293.0,1.0
328,159,4.0,5.0
329,159,616.0,5.0
330,159,317.0,2.0
331,159,336.0,5.0
332,159,412.0,5.0
333,159,414.0,5.0
334,159,201.0,4.0
335,159,67.0,3.0
336,159,618.0,5.0
337,159,591.0,4.0
338,83,201.0,5.0
339,83,243.0,5.0
340,83,405.0,5.0
341,83,187.0,5.0
342,83,3.0,5.0
343,83,276.0,5.0
344,83,317.0,5.0
345,83,631.0,5.0
346,83,360.0,5.0
347,83,350.0,5.0
348,83,254.0,5.0
349,83,22.0,5.0
350,83,211.0,5.0
351,83,52.0,4.0
352,83,82.0,5.0
353,83,289.0,5.0
354,83,450.0,5.0
355,83,24.0,5.0
356,83,323.0,1.0
357,83,579.0,5.0
358,83,287.0,5.0
359,83,641.0,5.0
360,83,408.0,5.0
361,83,628.0,5.0
362,83,11.0,5.0
363,83,402.0,5.0
364,83,406.0,5.0
365,83,270.0,5.0
366,83,290.0,5.0
367,841,46.0,4.0
368,841,124.0,5.0
369,841,341.0,5.0
370,841,373.0,5.0
371,841,263.0,4.0
372,841,365.0,5.0
373,841,356.0,3.0
374,841,310.0,5.0
375,841,370.0,5.0
376,841,336.0,5.0
377,841,369.0,4.0
378,841,176.0,5.0
379,841,461.0,5.0
380,469,457.0,2.0
381,469,13.0,4.0
382,469,676.0,3.0
383,469,253.0,3.0
384,469,279.0,2.0
385,469,384.0,5.0
386,469,417.0,5.0
387,469,322.0,1.0
388,469,450.0,5.0
389,469,440.0,1.0
390,469,238.0,4.0
391,469,339.0,5.0
392,469,291.0,5.0
393,469,358.0,2.0
394,469,321.0,2.0
395,469,109.0,5.0
396,469,434.0,3.0
397,469,510.0,5.0
398,469,683.0,5.0
399,469,22.0,4.0
400,469,499.0,5.0
401,469,235.0,5.0
402,469,270.0,4.0
403,469,326.0,5.0
404,469,292.0,2.0
405,469,184.0,2.0
406,469,546.0,4.0
407,469,267.0,5.0
408,469,68.0,1.0
409,469,503.0,5.0
410,469,165.0,3.0
411,469,381.0,4.0
412,469,293.0,1.0
413,469,288.0,5.0
414,469,495.0,5.0
415,469,420.0,1.0
416,469,415.0,1.0
417,469,496.0,5.0
418,469,289.0,5.0
419,469,620.0,2.0
420,469,245.0,4.0
421,469,370.0,4.0
422,469,255.0,5.0
423,469,29.0,1.0
424,469,286.0,2.0
425,469,323.0,4.0
426,469,371.0,2.0
427,469,461.0,5.0
428,469,268.0,3.0
429,469,479.0,3.0
430,497,610.0,3.0
431,497,414.0,3.0
432,497,509.0,5.0
433,497,253.0,4.0
434,497,255.0,4.0
435,497,252.0,3.0
436,497,25.0,4.0
437,497,15.0,4.0
438,497,46.0,4.0
439,497,423.0,4.0
440,497,68.0,5.0
441,497,72.0,4.0
442,497,588.0,4.0
443,497,84.0,5.0
444,497,26.0,3.0
445,497,24.0,3.0
446,497,589.0,4.0
447,497,19.0,3.0
448,72,560.0,5.0
449,72,239.0,3.0
450,72,354.0,5.0
451,72,236.0,5.0
452,72,245.0,5.0
453,72,321.0,5.0
454,72,36.0,4.0
455,72,573.0,5.0
456,72,58.0,5.0
457,72,134.0,2.0
458,72,119.0,3.0
459,72,66.0,5.0
460,72,413.0,5.0
461,72,582.0,3.0
462,72,89.0,5.0
463,72,107.0,3.0
464,72,25.0,3.0
465,72,68.0,2.0
466,72,237.0,5.0
467,72,256.0,3.0
468,72,665.0,5.0
469,72,562.0,5.0
470,72,300.0,5.0
471,72,461.0,5.0
472,72,564.0,5.0
473,72,571.0,5.0
474,72,200.0,5.0
475,72,412.0,5.0
476,72,393.0,5.0
477,72,376.0,5.0
478,72,365.0,3.0
479,72,377.0,4.0
480,72,569.0,4.0
481,72,4.0,5.0
482,72,303.0,5.0
483,72,366.0,4.0
484,72,607.0,4.0
485,72,141.0,5.0
486,72,7.0,4.0
487,72,46.0,5.0
488,72,255.0,4.0
489,72,44.0,5.0
490,72,63.0,4.0
491,72,620.0,3.0
492,72,355.0,4.0
493,72,379.0,4.0
494,72,616.0,1.0
495,72,81.0,5.0
496,72,572.0,5.0
497,72,604.0,3.0
498,72,172.0,5.0
499,72,363.0,3.0
500,72,78.0,4.0
501,72,420.0,3.0
502,72,95.0,4.0
503,72,535.0,4.0
504,72,43.0,4.0
505,72,570.0,4.0
506,72,23.0,3.0
507,72,45.0,5.0
508,72,349.0,5.0
509,72,360.0,3.0
510,72,409.0,4.0
511,72,246.0,5.0
512,72,350.0,4.0
513,72,333.0,4.0
514,72,67.0,3.0
515,72,211.0,3.0
516,72,382.0,4.0
517,72,195.0,3.0
518,72,259.0,5.0
519,72,401.0,2.0
520,72,567.0,5.0
521,72,407.0,3.0
522,72,400.0,5.0
523,72,42.0,5.0
524,72,291.0,5.0
525,72,24.0,5.0
526,72,537.0,4.0
527,72,633.0,5.0
528,72,470.0,3.0
529,72,83.0,2.0
530,72,594.0,4.0
531,72,199.0,5.0
532,72,395.0,5.0
533,72,709.0,4.0
534,72,136.0,4.0
535,72,403.0,2.0
536,72,417.0,5.0
537,72,82.0,4.0
538,72,31.0,4.0
539,72,131.0,3.0
540,72,64.0,4.0
541,72,337.0,5.0
542,72,392.0,3.0
543,72,253.0,3.0
544,72,97.0,4.0
545,72,374.0,5.0
546,72,26.0,2.0
547,72,388.0,5.0
548,72,84.0,3.0
549,72,375.0,5.0
550,72,362.0,4.0
551,72,563.0,5.0
552,72,398.0,3.0
553,72,112.0,2.0
554,72,235.0,3.0
555,72,591.0,4.0
556,72,371.0,3.0
557,72,347.0,5.0
558,72,568.0,3.0
559,72,3.0,5.0
560,72,378.0,3.0
561,72,590.0,5.0
562,72,367.0,5.0
563,72,453.0,3.0
564,72,370.0,5.0
565,72,322.0,5.0
566,72,228.0,4.0
567,72,394.0,3.0
568,72,410.0,3.0
569,72,37.0,5.0
570,72,357.0,5.0
571,72,341.0,3.0
572,72,336.0,2.0
573,72,634.0,3.0
574,72,380.0,4.0
575,72,397.0,3.0
576,72,139.0,3.0
577,72,32.0,4.0
578,72,61.0,2.0
579,72,444.0,2.0
580,72,8.0,4.0
581,72,369.0,1.0
582,72,368.0,3.0
583,72,539.0,4.0
584,72,100.0,5.0
585,72,574.0,5.0
586,72,129.0,5.0
587,72,414.0,2.0
588,72,210.0,4.0
589,72,356.0,4.0
590,72,411.0,5.0
591,72,561.0,4.0
592,72,581.0,3.0
593,72,331.0,4.0
594,72,149.0,5.0
595,72,247.0,5.0
596,72,77.0,4.0
597,72,72.0,5.0
598,72,576.0,3.0
599,72,406.0,3.0
600,72,353.0,5.0
601,72,351.0,5.0
602,72,338.0,5.0
603,72,648.0,5.0
604,72,710.0,4.0
605,72,132.0,5.0
606,72,583.0,5.0
607,72,372.0,1.0
608,72,345.0,5.0
609,72,201.0,5.0
610,72,565.0,5.0
611,72,577.0,3.0
612,72,526.0,3.0
613,72,344.0,5.0
614,72,404.0,2.0
615,72,252.0,5.0
616,72,389.0,4.0
617,72,192.0,5.0
618,72,387.0,5.0
619,72,352.0,4.0
620,72,373.0,1.0
621,72,364.0,5.0
622,72,383.0,4.0
623,72,381.0,3.0
624,72,575.0,5.0
625,72,617.0,3.0
626,72,490.0,4.0
627,533,59.0,3.0
628,533,17.0,5.0
629,533,177.0,5.0
630,533,340.0,5.0
631,533,135.0,4.0
632,533,156.0,5.0
633,533,315.0,5.0
634,533,334.0,4.0
635,533,148.0,5.0
636,533,238.0,5.0
637,533,94.0,2.0
638,533,60.0,5.0
639,533,126.0,5.0
640,533,77.0,5.0
641,533,427.0,5.0
642,533,492.0,4.0
643,89,303.0,4.0
644,89,366.0,3.0
645,89,341.0,3.0
646,89,352.0,4.0
647,89,197.0,2.0
648,89,45.0,4.0
649,89,279.0,2.0
650,89,379.0,3.0
651,89,356.0,5.0
652,89,412.0,4.0
653,89,400.0,4.0
654,89,370.0,2.0
655,89,371.0,4.0
656,89,337.0,2.0
657,89,267.0,4.0
658,89,321.0,3.0
659,89,361.0,4.0
660,89,367.0,3.0
661,89,262.0,5.0
662,89,355.0,5.0
663,89,274.0,5.0
664,89,374.0,4.0
665,89,362.0,4.0
666,89,406.0,4.0
667,89,282.0,2.0
668,89,373.0,2.0
669,89,357.0,3.0
670,89,263.0,4.0
671,89,170.0,1.0
672,89,120.0,4.0
673,89,266.0,3.0
674,89,354.0,3.0
675,89,211.0,4.0
676,89,271.0,5.0
677,89,230.0,5.0
678,89,380.0,2.0
679,89,3.0,3.0
680,89,363.0,5.0
681,89,350.0,4.0
682,89,89.0,4.0
683,1258,722.0,5.0
684,1258,714.0,5.0
685,1258,510.0,5.0
686,1258,442.0,5.0
687,1258,523.0,3.0
688,1258,715.0,5.0
689,1258,709.0,5.0
690,1258,710.0,4.0
691,1258,721.0,3.0
692,1258,711.0,5.0
693,1258,697.0,5.0
694,162,371.0,3.0
695,162,321.0,5.0
696,162,561.0,5.0
697,162,42.0,5.0
698,162,352.0,5.0
699,162,374.0,5.0
700,162,322.0,5.0
701,162,4.0,5.0
702,162,369.0,5.0
703,162,143.0,5.0
704,162,365.0,5.0
705,162,400.0,5.0
706,789,325.0,4.0
707,789,420.0,4.0
708,789,435.0,4.0
709,789,290.0,4.0
710,789,631.0,4.0
711,789,617.0,3.0
712,789,41.0,4.0
713,789,196.0,5.0
714,789,351.0,3.0
715,789,618.0,4.0
716,789,634.0,4.0
717,789,628.0,5.0
718,789,381.0,4.0
719,789,457.0,3.0
720,789,726.0,4.0
721,789,632.0,3.0
722,789,610.0,4.0
723,789,624.0,3.0
724,789,574.0,4.0
725,789,477.0,3.0
726,789,439.0,4.0
727,789,367.0,4.0
728,789,223.0,4.0
729,789,541.0,4.0
730,806,494.0,5.0
731,806,43.0,3.0
732,806,346.0,4.0
733,806,600.0,1.0
734,806,281.0,4.0
735,806,90.0,5.0
736,806,560.0,5.0
737,806,239.0,5.0
738,806,562.0,5.0
739,806,392.0,5.0
740,806,394.0,5.0
741,806,274.0,4.0
742,806,334.0,3.0
743,806,400.0,4.0
744,806,368.0,5.0
745,806,376.0,5.0
746,806,377.0,5.0
747,806,366.0,5.0
748,806,261.0,5.0
749,806,380.0,5.0
750,806,72.0,5.0
751,806,282.0,1.0
752,806,535.0,4.0
753,806,348.0,4.0
754,806,89.0,4.0
755,806,322.0,5.0
756,806,42.0,4.0
757,806,341.0,5.0
758,806,271.0,4.0
759,806,276.0,3.0
760,806,280.0,4.0
761,806,350.0,5.0
762,806,353.0,2.0
763,806,321.0,2.0
764,806,45.0,5.0
765,806,195.0,4.0
766,806,273.0,3.0
767,806,590.0,5.0
768,806,266.0,5.0
769,1035,191.0,3.0
770,1035,175.0,5.0
771,1035,158.0,4.0
772,1035,617.0,2.0
773,1035,387.0,5.0
774,1035,301.0,5.0
775,1035,535.0,5.0
776,1035,400.0,5.0
777,1035,224.0,2.0
778,1035,260.0,4.0
779,1035,423.0,3.0
780,1035,279.0,4.0
781,1035,333.0,3.0
782,1035,612.0,4.0
783,1035,405.0,5.0
784,1035,98.0,1.0
785,1035,246.0,5.0
786,1035,597.0,3.0
787,1035,300.0,5.0
788,1035,275.0,5.0
789,1035,201.0,5.0
790,1035,136.0,5.0
791,1035,134.0,4.0
792,916,80.0,5.0
793,916,203.0,5.0
794,916,152.0,5.0
795,916,231.0,5.0
796,916,232.0,5.0
797,916,204.0,5.0
798,916,93.0,5.0
799,916,57.0,5.0
800,916,102.0,5.0
801,916,193.0,5.0
802,916,202.0,5.0
803,916,219.0,5.0
804,916,88.0,5.0
805,916,101.0,5.0
806,916,181.0,5.0
807,916,226.0,5.0
808,558,224.0,5.0
809,558,510.0,5.0
810,558,488.0,5.0
811,558,279.0,1.0
812,558,336.0,5.0
813,558,441.0,5.0
814,558,404.0,5.0
815,558,177.0,3.0
816,558,505.0,5.0
817,558,582.0,5.0
818,558,21.0,5.0
819,558,141.0,5.0
820,558,282.0,1.0
821,558,688.0,5.0
822,558,191.0,5.0
823,558,317.0,5.0
824,558,585.0,5.0
825,558,596.0,5.0
826,558,583.0,3.0
827,558,308.0,5.0
828,558,250.0,1.0
829,558,338.0,3.0
830,558,95.0,5.0
831,558,417.0,5.0
832,558,462.0,5.0
833,558,607.0,5.0
834,558,420.0,5.0
835,558,309.0,4.0
836,558,521.0,5.0
837,558,471.0,5.0
838,558,319.0,5.0
839,847,334.0,1.0
840,847,402.0,4.0
841,847,100.0,5.0
842,847,125.0,5.0
843,847,140.0,1.0
844,847,224.0,5.0
845,847,290.0,5.0
846,847,458.0,4.0
847,847,46.0,3.0
848,847,87.0,3.0
849,847,378.0,5.0
850,847,597.0,5.0
851,847,726.0,5.0
852,847,468.0,3.0
853,847,344.0,3.0
854,847,496.0,5.0
855,847,407.0,5.0
856,847,281.0,5.0
857,847,312.0,5.0
858,847,499.0,5.0
859,847,372.0,4.0
860,847,49.0,4.0
861,847,148.0,3.0
862,847,447.0,5.0
863,847,457.0,5.0
864,847,589.0,2.0
865,847,288.0,5.0
866,847,233.0,4.0
867,847,179.0,2.0
868,33,387.0,2.0
869,33,535.0,1.0
870,33,620.0,5.0
871,33,581.0,5.0
872,33,14.0,5.0
873,33,602.0,4.0
874,33,412.0,3.0
875,33,63.0,4.0
876,33,313.0,1.0
877,33,365.0,5.0
878,33,393.0,3.0
879,33,61.0,2.0
880,33,580.0,5.0
881,33,78.0,5.0
882,33,64.0,4.0
883,33,569.0,4.0
884,33,534.0,1.0
885,33,576.0,5.0
886,33,565.0,5.0
887,33,400.0,5.0
888,33,33.0,5.0
889,33,590.0,2.0
890,33,336.0,3.0
891,33,382.0,2.0
892,33,570.0,4.0
893,33,579.0,3.0
894,33,321.0,3.0
895,33,60.0,3.0
896,33,526.0,1.0
897,33,694.0,3.0
898,33,632.0,4.0
899,33,363.0,2.0
900,33,561.0,3.0
901,33,38.0,3.0
902,33,532.0,2.0
903,33,262.0,4.0
904,33,572.0,4.0
905,33,539.0,2.0
906,33,341.0,5.0
907,33,184.0,1.0
908,33,591.0,3.0
909,33,74.0,1.0
910,33,35.0,4.0
911,33,560.0,4.0
912,33,75.0,1.0
913,33,278.0,3.0
914,33,354.0,3.0
915,33,575.0,4.0
916,33,54.0,4.0
917,33,92.0,4.0
918,33,392.0,3.0
919,33,388.0,3.0
920,33,622.0,3.0
921,33,77.0,3.0
922,33,577.0,5.0
923,33,178.0,5.0
924,33,274.0,4.0
925,33,634.0,5.0
926,33,470.0,2.0
927,33,2.0,5.0
928,33,536.0,1.0
929,33,574.0,3.0
930,33,537.0,1.0
931,33,360.0,5.0
932,33,374.0,4.0
933,33,564.0,3.0
934,33,567.0,4.0
935,33,566.0,4.0
936,33,212.0,1.0
937,33,623.0,3.0
938,33,559.0,5.0
939,33,444.0,1.0
940,33,264.0,5.0
941,33,39.0,2.0
942,33,66.0,4.0
943,33,364.0,3.0
944,33,239.0,3.0
945,33,236.0,2.0
946,33,636.0,1.0
947,33,67.0,4.0
948,33,37.0,2.0
949,33,594.0,2.0
950,33,372.0,2.0
951,33,407.0,2.0
952,33,327.0,1.0
953,33,633.0,5.0
954,33,573.0,3.0
955,33,617.0,3.0
956,33,355.0,4.0
957,33,65.0,4.0
958,33,568.0,5.0
959,33,616.0,3.0
960,33,49.0,4.0
961,33,378.0,3.0
962,33,337.0,5.0
963,33,376.0,4.0
964,33,571.0,4.0
965,33,362.0,5.0
966,33,629.0,5.0
967,33,619.0,5.0
968,33,595.0,1.0
969,33,603.0,3.0
970,33,533.0,1.0
971,1005,369.0,4.0
972,1005,408.0,3.0
973,1005,261.0,5.0
974,1005,641.0,4.0
975,1005,271.0,4.0
976,1005,89.0,5.0
977,1005,355.0,5.0
978,1005,341.0,5.0
979,1005,322.0,5.0
980,1005,224.0,5.0
981,1005,168.0,4.0
982,1005,501.0,4.0
983,1005,223.0,5.0
984,1005,580.0,3.0
985,1005,579.0,4.0
986,1005,383.0,3.0
987,1005,326.0,5.0
988,1005,361.0,3.0
989,194,177.0,3.0
990,194,429.0,3.0
991,194,84.0,1.0
992,194,263.0,4.0
993,194,349.0,5.0
994,194,368.0,4.0
995,194,346.0,4.0
996,194,356.0,4.0
997,194,532.0,5.0
998,194,534.0,5.0
999,194,411.0,3.0
1000,194,359.0,2.0
1001,194,254.0,3.0
1002,194,373.0,2.0
1003,194,70.0,4.0
1004,194,275.0,4.0
1005,194,195.0,5.0
1006,194,347.0,4.0
1007,194,354.0,3.0
1008,194,274.0,4.0
1009,194,350.0,4.0
1010,194,367.0,5.0
1011,194,377.0,4.0
1012,194,380.0,5.0
1013,194,344.0,5.0
1014,194,363.0,2.0
1015,194,278.0,3.0
1016,194,374.0,4.0
1017,194,264.0,4.0
1018,194,72.0,4.0
1019,194,266.0,4.0
1020,194,282.0,2.0
1021,194,371.0,5.0
1022,194,357.0,2.0
1023,194,366.0,4.0
1024,194,4.0,4.0
1025,194,536.0,5.0
1026,194,575.0,5.0
1027,194,533.0,4.0
1028,1056,115.0,4.0
1029,1056,628.0,3.0
1030,1056,119.0,4.0
1031,1056,439.0,5.0
1032,1056,590.0,5.0
1033,1056,292.0,5.0
1034,1056,661.0,3.0
1035,1056,426.0,4.0
1036,1056,506.0,3.0
1037,1056,419.0,3.0
1038,1056,385.0,4.0
1049,792,420.0,5.0
1050,792,224.0,4.0
1051,792,561.0,4.0
1052,792,46.0,5.0
1053,792,273.0,4.0
1054,792,41.0,4.0
1055,792,269.0,4.0
1056,792,276.0,4.0
1057,792,290.0,4.0
1058,792,44.0,5.0
1059,792,195.0,2.0
1060,792,279.0,4.0
1061,792,253.0,4.0
1062,987,285.0,5.0
1063,987,254.0,2.0
1064,987,321.0,5.0
1065,987,141.0,5.0
1066,987,83.0,5.0
1067,987,95.0,5.0
1068,987,249.0,4.0
1069,987,350.0,5.0
1070,987,364.0,5.0
1071,987,417.0,5.0
1072,987,291.0,5.0
1073,987,488.0,5.0
1074,987,258.0,2.0
1075,987,84.0,5.0
1076,169,349.0,4.0
1077,169,345.0,5.0
1078,169,412.0,4.0
1079,169,388.0,5.0
1080,169,344.0,4.0
1081,169,83.0,2.0
1082,169,380.0,5.0
1083,169,595.0,5.0
1084,169,200.0,5.0
1085,169,260.0,5.0
1086,169,149.0,5.0
1087,169,411.0,5.0
1088,169,346.0,5.0
1089,169,270.0,3.0
1090,169,573.0,4.0
1091,169,415.0,2.0
1092,169,4.0,4.0
1093,169,280.0,3.0
1094,169,125.0,5.0
1095,169,279.0,1.0
1096,169,401.0,5.0
1097,169,364.0,3.0
1098,169,533.0,5.0
1099,169,423.0,5.0
1100,169,455.0,5.0
1101,169,347.0,4.0
1102,40,633.0,5.0
1103,40,355.0,5.0
1104,40,361.0,5.0
1105,40,280.0,5.0
1106,40,2.0,5.0
1107,40,100.0,5.0
1108,40,42.0,5.0
1109,40,629.0,5.0
1110,40,262.0,5.0
1111,40,245.0,5.0
1112,40,362.0,5.0
1113,40,559.0,4.0
1114,40,282.0,5.0
1115,40,639.0,5.0
1116,40,247.0,5.0
1117,40,604.0,5.0
1118,40,360.0,5.0
1119,40,372.0,5.0
1120,40,264.0,5.0
1121,40,374.0,5.0
1122,40,4.0,5.0
1123,40,263.0,5.0
1124,40,170.0,5.0
1125,40,561.0,4.0
1126,40,343.0,5.0
1127,761,346.0,5.0
1128,761,98.0,1.0
1129,761,380.0,3.0
1130,761,377.0,4.0
1131,761,371.0,4.0
1132,761,84.0,4.0
1133,761,366.0,4.0
1134,761,349.0,5.0
1135,761,39.0,4.0
1136,761,303.0,4.0
1137,761,398.0,5.0
1138,761,374.0,3.0
1139,761,337.0,3.0
1140,761,300.0,5.0
1141,761,277.0,4.0
1142,761,610.0,3.0
1143,761,397.0,4.0
1144,761,267.0,3.0
1145,761,195.0,5.0
1146,761,456.0,2.0
1147,761,582.0,3.0
1148,761,406.0,3.0
1149,761,133.0,4.0
1150,761,352.0,5.0
1151,761,336.0,4.0
1152,761,375.0,3.0
1153,761,350.0,5.0
1154,761,211.0,4.0
1155,761,201.0,4.0
1156,761,368.0,3.0
1157,761,345.0,5.0
1158,761,200.0,4.0
1159,761,367.0,3.0
1160,761,199.0,3.0
1161,761,266.0,4.0
1162,761,148.0,1.0
1163,761,400.0,3.0
1164,761,344.0,4.0
1165,761,347.0,5.0
1166,761,79.0,4.0
1167,761,116.0,4.0
1168,761,262.0,4.0
1169,761,588.0,5.0
1170,761,322.0,4.0
1171,761,70.0,4.0
1172,761,278.0,3.0
1173,761,321.0,4.0
1174,761,444.0,2.0
1175,761,162.0,4.0
1176,761,260.0,4.0
1177,761,393.0,3.0
1178,761,235.0,3.0
1179,761,407.0,3.0
1180,642,479.0,3.0
1181,642,481.0,4.0
1182,642,290.0,4.0
1183,642,548.0,4.0
1184,642,432.0,5.0
1185,642,315.0,3.0
1186,642,149.0,4.0
1187,642,478.0,5.0
1188,642,340.0,4.0
1189,642,236.0,5.0
1190,642,590.0,3.0
1191,642,116.0,1.0
1192,642,419.0,5.0
1193,642,256.0,2.0
1194,642,536.0,1.0
1195,642,126.0,5.0
1196,642,253.0,4.0
1197,642,237.0,5.0
1198,642,495.0,3.0
1199,642,255.0,4.0
1200,642,223.0,4.0
1201,642,25.0,2.0
1202,642,94.0,2.0
1203,642,415.0,1.0
1204,642,301.0,5.0
1205,642,470.0,4.0
1206,642,416.0,4.0
1207,642,293.0,1.0
1208,642,24.0,3.0
1209,642,324.0,5.0
1210,642,238.0,4.0
1211,642,325.0,3.0
1212,642,404.0,5.0
1213,642,558.0,3.0
1214,642,308.0,2.0
1215,642,174.0,4.0
1216,642,457.0,3.0
1217,642,628.0,3.0
1218,909,231.0,5.0
1219,909,101.0,5.0
1220,909,232.0,5.0
1221,909,152.0,5.0
1222,909,181.0,5.0
1223,909,102.0,5.0
1224,909,193.0,5.0
1225,909,57.0,5.0
1226,909,80.0,5.0
1227,909,204.0,5.0
1228,909,151.0,5.0
1229,909,219.0,5.0
1230,909,93.0,5.0
1231,909,88.0,5.0
1232,909,203.0,5.0
1233,87,247.0,5.0
1234,87,512.0,3.0
1235,87,257.0,4.0
1236,87,420.0,5.0
1237,87,154.0,5.0
1238,87,326.0,5.0
1239,87,377.0,3.0
1240,87,158.0,4.0
1241,87,211.0,5.0
1242,87,341.0,5.0
1243,87,3.0,5.0
1244,87,475.0,3.0
1245,87,545.0,4.0
1246,87,400.0,4.0
1247,87,457.0,3.0
1248,87,290.0,4.0
1249,87,224.0,5.0
1250,87,194.0,3.0
1251,87,45.0,2.0
1252,87,245.0,2.0
1253,87,375.0,5.0
1254,87,322.0,4.0
1255,87,288.0,4.0
1256,15,457.0,5.0
1257,15,537.0,4.0
1258,15,282.0,3.0
1259,15,454.0,4.0
1260,15,593.0,4.0
1261,15,415.0,2.0
1262,15,323.0,4.0
1263,15,382.0,5.0
1264,15,318.0,3.0
1265,15,272.0,4.0
1266,15,330.0,3.0
1267,15,340.0,3.0
1268,15,624.0,4.0
1269,15,87.0,3.0
1270,15,1.0,2.0
1271,15,381.0,5.0
1272,15,497.0,4.0
1273,15,378.0,5.0
1274,397,137.0,5.0
1275,397,93.0,5.0
1276,397,216.0,5.0
1277,397,103.0,5.0
1278,397,284.0,5.0
1279,397,130.0,5.0
1280,397,127.0,5.0
1281,397,80.0,5.0
1282,397,105.0,5.0
1283,397,113.0,5.0
1284,397,204.0,5.0
1285,397,10.0,5.0
1286,397,128.0,5.0
1287,397,106.0,5.0
1288,397,218.0,5.0
1289,397,142.0,5.0
1290,397,152.0,5.0
1291,397,163.0,5.0
1292,397,181.0,5.0
1293,397,221.0,5.0
1294,397,86.0,5.0
1295,1203,612.0,5.0
1296,1203,249.0,4.0
1297,1203,288.0,5.0
1298,1203,338.0,5.0
1299,1203,498.0,3.0
1300,1203,542.0,1.0
1301,1203,541.0,2.0
1302,1203,468.0,5.0
1303,1203,407.0,4.0
1304,1203,632.0,5.0
1305,1203,282.0,4.0
1306,1290,640.0,5.0
1307,1290,718.0,5.0
1308,1290,666.0,5.0
1309,1290,719.0,5.0
1310,1290,660.0,5.0
1311,1290,625.0,5.0
1312,1290,598.0,5.0
1313,1290,466.0,5.0
1314,1290,665.0,5.0
1315,1290,491.0,5.0
1316,1290,692.0,5.0
1317,1290,690.0,5.0
1318,1290,445.0,5.0
1319,1290,552.0,5.0
1320,1290,667.0,5.0
1321,1290,584.0,5.0
1322,1290,621.0,5.0
1323,1290,608.0,5.0
1324,1290,716.0,5.0
1325,1290,460.0,5.0
1326,1290,465.0,5.0
1327,1290,650.0,5.0
1328,1290,691.0,5.0
1329,1290,673.0,5.0
1330,1290,668.0,5.0
1331,1290,693.0,5.0
1332,1290,712.0,5.0
1333,625,341.0,5.0
1334,625,166.0,4.0
1335,625,645.0,1.0
1336,625,140.0,5.0
1337,625,536.0,4.0
1338,625,589.0,5.0
1339,625,126.0,5.0
1340,625,255.0,5.0
1341,625,257.0,5.0
1342,625,259.0,4.0
1343,625,392.0,5.0
1344,625,495.0,5.0
1345,625,378.0,5.0
1346,625,423.0,4.0
1347,625,593.0,5.0
1348,625,604.0,5.0
1349,625,118.0,4.0
1350,625,132.0,5.0
1351,625,481.0,5.0
1352,625,173.0,3.0
1353,625,250.0,4.0
1354,625,382.0,5.0
1355,625,431.0,4.0
1356,625,498.0,5.0
1357,625,413.0,5.0
1358,625,23.0,5.0
1359,625,544.0,5.0
1360,625,528.0,4.0
1361,625,349.0,5.0
1362,625,414.0,5.0
1363,625,500.0,4.0
1364,625,454.0,4.0
1365,625,136.0,4.0
1366,625,109.0,5.0
1367,625,313.0,5.0
1368,625,455.0,5.0
1369,1185,455.0,2.0
1370,1185,527.0,5.0
1371,1185,603.0,3.0
1372,1185,538.0,4.0
1373,1185,612.0,5.0
1374,1185,223.0,5.0
1375,1185,541.0,4.0
1376,1185,317.0,5.0
1377,1185,322.0,5.0
1378,1185,359.0,3.0
1379,1185,209.0,5.0
1380,929,175.0,5.0
1381,929,209.0,3.0
1382,929,190.0,5.0
1383,929,478.0,5.0
1384,929,191.0,5.0
1385,929,301.0,5.0
1386,929,133.0,4.0
1387,929,119.0,3.0
1388,929,178.0,4.0
1389,929,61.0,2.0
1390,929,148.0,4.0
1391,929,528.0,3.0
1392,929,542.0,5.0
1393,1021,234.0,4.0
1394,1021,478.0,5.0
1395,1021,406.0,5.0
1396,1021,636.0,5.0
1397,1021,91.0,4.0
1398,1021,343.0,4.0
1399,1021,610.0,5.0
1400,1021,108.0,5.0
1401,1021,578.0,5.0
1402,1021,143.0,5.0
1403,1021,542.0,5.0
1404,1021,313.0,5.0
1405,1021,318.0,4.0
1406,650,266.0,2.0
1407,650,274.0,1.0
1408,650,275.0,1.0
1409,650,408.0,5.0
1410,650,282.0,2.0
1411,650,267.0,1.0
1412,650,264.0,1.0
1413,650,271.0,1.0
1414,650,367.0,3.0
1415,650,261.0,2.0
1416,650,276.0,1.0
1417,650,388.0,3.0
1418,650,280.0,1.0
1419,650,262.0,4.0
1420,650,263.0,3.0
1421,650,256.0,4.0
1422,650,24.0,1.0
1423,823,382.0,4.0
1424,823,565.0,5.0
1425,823,539.0,5.0
1426,823,547.0,3.0
1427,823,300.0,3.0
1428,823,617.0,3.0
1429,823,84.0,3.0
1430,823,570.0,5.0
1431,823,371.0,3.0
1432,823,136.0,5.0
1433,823,589.0,5.0
1434,823,591.0,5.0
1435,823,131.0,2.0
1436,823,568.0,5.0
1437,823,528.0,3.0
1438,823,329.0,3.0
1439,823,571.0,4.0
1440,823,44.0,3.0
1441,823,411.0,5.0
1442,823,575.0,4.0
1443,823,360.0,4.0
1444,823,567.0,3.0
1445,823,572.0,5.0
1446,823,408.0,5.0
1447,823,364.0,2.0
1448,823,387.0,4.0
1449,823,560.0,3.0
1450,823,564.0,3.0
1451,823,480.0,5.0
1452,823,362.0,4.0
1453,823,590.0,4.0
1454,823,46.0,5.0
1455,823,409.0,3.0
1456,823,432.0,5.0
1457,823,228.0,5.0
1458,823,351.0,5.0
1459,823,373.0,4.0
1460,823,138.0,5.0
1461,1182,270.0,4.0
1462,1182,408.0,3.0
1463,1182,402.0,4.0
1464,1182,580.0,5.0
1465,1182,443.0,3.0
1466,1182,578.0,5.0
1467,1182,576.0,5.0
1468,1182,641.0,5.0
1469,1182,559.0,5.0
1470,1182,579.0,5.0
1471,1182,275.0,4.0
1472,1182,209.0,5.0
1473,1182,197.0,4.0
1474,564,662.0,4.0
1475,564,495.0,4.0
1476,564,354.0,4.0
1477,564,245.0,4.0
1478,564,21.0,5.0
1479,564,609.0,4.0
1480,564,457.0,4.0
1481,564,620.0,5.0
1482,564,593.0,3.0
1483,564,272.0,4.0
1484,564,661.0,2.0
1485,564,562.0,5.0
1486,564,634.0,5.0
1487,564,595.0,3.0
1488,564,319.0,4.0
1489,564,444.0,3.0
1490,564,236.0,3.0
1491,564,601.0,4.0
1492,564,318.0,4.0
1493,564,68.0,5.0
1494,564,255.0,5.0
1495,564,69.0,4.0
1496,564,253.0,5.0
1803,31,341.0,4.0
1804,31,388.0,4.0
1805,31,264.0,4.0
1806,31,352.0,4.0
1807,31,489.0,5.0
1808,31,591.0,4.0
1809,31,282.0,2.0
1810,31,514.0,5.0
1811,31,210.0,2.0
1812,31,331.0,5.0
1813,31,197.0,3.0
1814,31,582.0,4.0
1815,31,395.0,5.0
1816,31,667.0,5.0
1817,31,711.0,5.0
1818,31,604.0,4.0
1819,31,575.0,2.0
1820,31,72.0,3.0
1821,31,361.0,5.0
1822,31,560.0,4.0
1823,31,100.0,4.0
1824,31,278.0,3.0
1825,31,267.0,4.0
1826,31,321.0,5.0
1827,31,571.0,5.0
1828,31,590.0,4.0
1829,31,406.0,4.0
1830,31,201.0,3.0
1831,31,698.0,4.0
1832,31,199.0,4.0
1833,31,261.0,4.0
1834,31,338.0,3.0
1835,31,30.0,4.0
1836,31,398.0,3.0
1837,31,357.0,5.0
1838,31,453.0,4.0
1839,31,200.0,5.0
1840,31,8.0,5.0
1841,31,211.0,3.0
1842,31,518.0,4.0
1843,31,563.0,3.0
1844,31,276.0,4.0
1845,31,367.0,3.0
1846,31,3.0,4.0
1847,31,350.0,4.0
1848,31,300.0,4.0
1849,31,378.0,5.0
1850,31,594.0,5.0
1851,31,372.0,3.0
1852,31,366.0,4.0
1853,31,303.0,4.0
1854,31,374.0,3.0
1855,31,44.0,5.0
1856,31,266.0,4.0
1857,31,392.0,5.0
1858,31,356.0,3.0
1859,31,380.0,4.0
1860,31,655.0,5.0
1861,31,517.0,4.0
1862,31,263.0,4.0
1863,31,310.0,5.0
1864,31,354.0,5.0
1865,31,559.0,5.0
1866,31,401.0,5.0
1867,31,387.0,4.0
1868,31,274.0,5.0
1869,31,629.0,5.0
1870,31,654.0,5.0
1871,31,400.0,5.0
1872,31,383.0,5.0
1873,31,271.0,5.0
1874,31,422.0,4.0
1875,31,515.0,3.0
1876,31,236.0,3.0
1877,31,467.0,5.0
1878,31,516.0,5.0
1879,31,363.0,3.0
1880,31,589.0,5.0
1881,31,239.0,4.0
1882,31,526.0,4.0
1883,31,397.0,3.0
1884,31,620.0,5.0
1885,31,562.0,3.0
1886,31,580.0,3.0
1887,31,519.0,5.0
1888,31,710.0,4.0
1889,31,607.0,5.0
1890,31,572.0,5.0
1891,31,472.0,5.0
1892,31,262.0,5.0
1893,31,81.0,4.0
1894,31,656.0,4.0
1895,31,564.0,3.0
1896,31,2.0,5.0
1897,31,245.0,3.0
1898,31,375.0,4.0
1899,31,277.0,3.0
1900,31,337.0,5.0
1901,31,521.0,5.0
1902,31,583.0,5.0
1903,31,393.0,5.0
1904,31,486.0,5.0
1905,31,371.0,4.0
1906,31,228.0,5.0
1907,31,195.0,4.0
1908,31,280.0,2.0
1909,31,153.0,5.0
3675,82,379.0,4.0
3676,82,557.0,3.0
3677,82,372.0,3.0
3678,82,345.0,5.0
3679,82,201.0,5.0
3680,82,354.0,3.0
3681,82,338.0,3.0
3682,82,3.0,5.0
3683,82,355.0,5.0
3684,82,253.0,4.0
3685,82,373.0,3.0
3686,82,572.0,2.0
3687,82,247.0,5.0
3688,82,349.0,4.0
3689,82,279.0,4.0
3690,82,602.0,4.0
3691,82,344.0,5.0
3692,82,440.0,4.0
3693,82,199.0,4.0
3694,82,358.0,3.0
3695,82,42.0,4.0
3696,82,347.0,5.0
3697,82,255.0,5.0
3698,82,16.0,3.0
3699,82,423.0,5.0
3700,82,300.0,4.0
3701,82,676.0,3.0
3702,82,346.0,5.0
3703,82,197.0,4.0
3704,82,109.0,4.0
3705,82,100.0,5.0
3706,82,282.0,2.0
3707,82,264.0,4.0
3708,82,341.0,5.0
3709,82,471.0,5.0
3710,82,374.0,5.0
3711,82,400.0,4.0
3712,82,368.0,5.0
3713,82,367.0,4.0
3714,82,364.0,3.0
3715,82,564.0,5.0
3716,82,331.0,5.0
3717,82,369.0,4.0
3718,82,133.0,4.0
3719,82,84.0,4.0
3720,82,309.0,3.0
3721,82,380.0,4.0
3722,82,158.0,5.0
3723,82,267.0,4.0
3724,82,361.0,5.0
3725,82,23.0,4.0
3726,82,322.0,4.0
3727,82,563.0,5.0
3728,82,409.0,4.0
3729,82,134.0,3.0
3730,82,371.0,4.0
3731,82,375.0,3.0
3732,82,43.0,5.0
3733,82,195.0,3.0
3734,82,350.0,4.0
3735,82,366.0,4.0
3736,82,406.0,4.0
3737,82,280.0,5.0
3738,82,44.0,5.0
3739,82,246.0,4.0
3740,82,81.0,4.0
3741,82,303.0,5.0
3742,82,260.0,5.0
3743,82,22.0,5.0
3744,82,370.0,5.0
3745,82,337.0,3.0
3746,82,274.0,5.0
3747,82,357.0,5.0
3748,82,352.0,4.0
3749,82,571.0,3.0
3750,82,211.0,4.0
3751,82,263.0,4.0
3752,82,600.0,4.0
3753,82,356.0,3.0
3754,82,290.0,3.0
3755,82,25.0,4.0
3756,82,131.0,2.0
3757,82,200.0,4.0
3758,82,321.0,4.0
3759,82,175.0,5.0
3760,82,24.0,3.0
3761,82,126.0,4.0
6231,116,380.0,4.0
6232,116,411.0,5.0
6233,116,604.0,2.0
6234,116,45.0,4.0
6235,116,620.0,5.0
6236,116,622.0,4.0
6237,116,400.0,5.0
6238,116,357.0,5.0
6239,116,369.0,5.0
6240,116,631.0,5.0
6241,116,478.0,4.0
6242,116,412.0,5.0
6243,116,26.0,2.0
6244,116,373.0,4.0
6245,116,254.0,2.0
6246,116,200.0,4.0
6247,116,393.0,3.0
6248,116,591.0,4.0
6249,116,277.0,5.0
6250,116,363.0,4.0
6251,116,370.0,5.0
6252,116,414.0,5.0
6253,116,586.0,4.0
6254,116,565.0,5.0
6255,116,252.0,4.0
6256,116,571.0,4.0
6257,116,68.0,2.0
6258,116,279.0,5.0
6259,116,368.0,2.0
6260,116,362.0,5.0
6261,116,199.0,2.0
6262,116,537.0,3.0
6263,116,239.0,5.0
6264,116,258.0,4.0
6265,116,355.0,5.0
6266,116,356.0,5.0
6267,116,429.0,4.0
6268,116,337.0,4.0
6269,116,237.0,4.0
6270,116,349.0,5.0
6271,116,595.0,3.0
6272,116,25.0,2.0
6273,116,590.0,5.0
6274,116,354.0,5.0
6275,116,348.0,5.0
6276,116,3.0,5.0
6277,116,594.0,5.0
6278,116,367.0,4.0
6279,116,346.0,5.0
6280,116,535.0,4.0
6281,116,274.0,4.0
6282,116,22.0,3.0
6283,116,569.0,5.0
6284,116,347.0,5.0
6285,116,567.0,3.0
6286,116,352.0,5.0
6287,116,345.0,5.0
6288,116,303.0,5.0
6289,116,564.0,5.0
6290,116,275.0,5.0
6291,116,410.0,3.0
6292,116,211.0,3.0
6293,116,201.0,4.0
6294,116,575.0,5.0
6295,116,404.0,5.0
6296,116,470.0,3.0
6297,116,538.0,4.0
6298,116,364.0,4.0
6299,116,570.0,5.0
6300,116,344.0,5.0
6301,116,322.0,4.0
6302,116,24.0,3.0
6303,116,236.0,5.0
6304,116,634.0,4.0
6305,116,23.0,1.0
6306,116,321.0,2.0
6307,116,122.0,4.0
6308,116,576.0,3.0
6309,116,444.0,1.0
6310,116,572.0,4.0
6311,116,11.0,4.0
7000,983,236.0,4.0
7001,983,567.0,4.0
7002,983,535.0,4.0
7003,983,617.0,2.0
7004,983,470.0,4.0
7005,983,349.0,5.0
7006,983,266.0,4.0
7007,983,411.0,5.0
7008,983,239.0,3.0
7009,983,568.0,3.0
7010,983,364.0,4.0
7011,983,357.0,5.0
7012,983,292.0,5.0
7013,983,526.0,4.0
7014,983,453.0,2.0
7015,983,450.0,4.0
7016,983,393.0,1.0
7017,983,350.0,4.0
7018,983,353.0,5.0
7019,983,356.0,4.0
7020,983,83.0,5.0
7021,983,322.0,4.0
7022,983,238.0,5.0
7023,983,376.0,5.0
7024,983,623.0,4.0
7025,983,363.0,4.0
7026,983,82.0,5.0
7027,983,537.0,2.0
7028,983,360.0,4.0
7029,983,561.0,3.0
7030,983,279.0,4.0
7031,983,126.0,5.0
7032,983,135.0,5.0
7033,983,447.0,4.0
7034,983,508.0,3.0
7035,983,373.0,3.0
7036,983,392.0,5.0
7037,983,603.0,2.0
7038,983,573.0,5.0
7039,983,443.0,3.0
7040,983,81.0,5.0
7041,983,576.0,4.0
7042,983,521.0,4.0
7043,983,444.0,3.0
7044,983,394.0,4.0
7045,983,160.0,5.0
7046,983,321.0,3.0
7047,983,184.0,5.0
7048,983,571.0,4.0
7049,983,237.0,4.0
7050,983,343.0,4.0
7051,983,575.0,4.0
7052,983,404.0,5.0
7053,983,354.0,5.0
7054,983,426.0,4.0
7055,983,655.0,5.0
7056,983,371.0,5.0
7057,983,153.0,5.0
7058,983,698.0,5.0
7059,983,458.0,3.0
7060,983,381.0,5.0
7061,983,721.0,5.0
7062,983,295.0,5.0
7063,983,116.0,5.0
7064,983,634.0,5.0
7065,983,194.0,4.0
7066,983,131.0,4.0
7067,983,370.0,4.0
7068,983,629.0,4.0
7069,983,619.0,4.0
7070,983,607.0,5.0
7071,983,85.0,4.0
7072,983,574.0,5.0
7073,983,577.0,4.0
7074,983,84.0,3.0
7075,983,267.0,4.0
7076,983,591.0,4.0
7077,983,663.0,4.0
7078,983,600.0,3.0
7079,983,362.0,4.0
7080,983,455.0,5.0
7081,983,564.0,5.0
7082,983,490.0,5.0
7083,983,412.0,4.0
7084,983,620.0,4.0
7085,983,581.0,4.0
7086,983,355.0,5.0
7087,983,569.0,5.0
7117,166,620.0,5.0
7118,166,236.0,5.0
7119,166,560.0,5.0
7120,166,573.0,5.0
7121,166,536.0,2.0
7122,166,483.0,4.0
7123,166,531.0,5.0
7124,166,537.0,4.0
7125,166,351.0,5.0
7126,166,485.0,5.0
7127,166,489.0,5.0
7128,166,239.0,5.0
7129,166,364.0,5.0
7130,166,24.0,3.0
7131,166,453.0,3.0
7132,166,582.0,5.0
7133,166,513.0,5.0
7134,166,392.0,5.0
7135,166,26.0,4.0
7136,166,246.0,4.0
7137,166,322.0,5.0
7138,166,363.0,5.0
7139,166,576.0,3.0
7140,166,132.0,1.0
7141,166,252.0,5.0
7142,166,591.0,4.0
7143,166,255.0,4.0
7144,166,534.0,3.0
7145,166,82.0,5.0
7146,166,570.0,5.0
7147,166,404.0,5.0
7148,166,131.0,5.0
7149,166,393.0,4.0
7150,166,567.0,5.0
7151,166,629.0,5.0
7152,166,563.0,4.0
7153,166,656.0,5.0
7154,166,617.0,3.0
7155,166,68.0,5.0
7156,166,535.0,3.0
7157,166,321.0,5.0
7158,166,557.0,5.0
7159,166,562.0,4.0
7160,166,616.0,5.0
7161,166,565.0,5.0
7162,166,413.0,5.0
7163,166,25.0,5.0
7164,166,462.0,5.0
7165,166,518.0,5.0
7166,166,381.0,5.0
7167,166,697.0,5.0
7168,166,372.0,5.0
7169,166,487.0,4.0
7170,166,224.0,5.0
7171,166,409.0,5.0
7172,166,470.0,4.0
7173,166,247.0,5.0
7174,166,139.0,5.0
7175,166,11.0,4.0
7176,166,564.0,5.0
7177,166,253.0,5.0
7178,166,300.0,5.0
7179,166,569.0,5.0
7180,166,400.0,5.0
7181,166,84.0,5.0
7182,166,377.0,4.0
7183,166,568.0,5.0
7184,166,355.0,5.0
7185,166,571.0,5.0
7186,166,373.0,5.0
7187,166,83.0,5.0
7188,166,43.0,3.0
7189,166,539.0,3.0
7190,166,354.0,5.0
7191,166,504.0,4.0
7192,166,574.0,5.0
7193,166,410.0,5.0
7194,166,463.0,5.0
7195,166,577.0,5.0
7196,166,237.0,5.0
7197,166,371.0,5.0
7198,166,521.0,5.0
7199,166,572.0,5.0
7200,166,343.0,5.0
7201,166,414.0,3.0
7202,166,22.0,5.0
7203,166,604.0,5.0
7204,166,136.0,5.0
7205,166,356.0,5.0
7206,166,412.0,5.0
7207,166,238.0,3.0
7208,166,403.0,5.0
7209,166,370.0,5.0
7210,166,81.0,5.0
7211,166,532.0,5.0
7212,166,590.0,5.0
7213,166,581.0,4.0
7214,166,444.0,4.0
7215,166,369.0,5.0
7216,166,42.0,5.0
7217,166,519.0,4.0
7218,166,486.0,5.0
7219,166,100.0,4.0
7220,166,357.0,5.0
7221,166,368.0,5.0
7222,166,89.0,5.0
7223,166,533.0,2.0
7224,166,341.0,4.0
7225,166,394.0,5.0
7226,166,4.0,5.0
7227,166,45.0,5.0
7578,157,563.0,3.0
7579,157,347.0,4.0
7580,157,457.0,5.0
7581,157,223.0,4.0
7582,157,567.0,3.0
7583,157,46.0,4.0
7584,157,393.0,4.0
7585,157,575.0,4.0
7586,157,450.0,4.0
7587,157,4.0,4.0
7588,157,363.0,4.0
7589,157,384.0,4.0
7590,157,380.0,4.0
7591,157,255.0,4.0
7592,157,394.0,4.0
7593,157,263.0,4.0
7594,157,375.0,4.0
7595,157,150.0,3.0
7596,157,401.0,3.0
7597,157,411.0,4.0
7598,157,131.0,3.0
7599,157,492.0,3.0
7600,157,447.0,4.0
7601,157,403.0,4.0
7602,157,539.0,3.0
7603,157,388.0,5.0
7604,157,321.0,3.0
7605,157,346.0,4.0
7606,157,535.0,3.0
7607,157,349.0,4.0
7608,157,81.0,4.0
7609,157,195.0,4.0
7610,157,282.0,3.0
7611,157,412.0,4.0
7612,157,534.0,3.0
7613,157,581.0,4.0
7614,157,444.0,2.0
7615,157,322.0,4.0
7616,157,609.0,3.0
7617,157,617.0,3.0
7618,157,354.0,3.0
7619,157,591.0,4.0
7620,157,378.0,4.0
7621,157,616.0,4.0
7622,157,600.0,3.0
7623,157,360.0,4.0
7624,157,453.0,3.0
7625,157,572.0,3.0
7626,157,365.0,4.0
7627,157,362.0,4.0
7628,157,381.0,5.0
7629,157,425.0,4.0
7630,157,356.0,4.0
7631,157,43.0,3.0
7632,157,364.0,4.0
7633,157,385.0,4.0
7634,157,300.0,4.0
7635,157,115.0,4.0
7636,157,82.0,4.0
7637,157,314.0,4.0
7638,157,278.0,4.0
7639,157,348.0,4.0
7640,157,620.0,3.0
7641,157,604.0,4.0
7642,157,564.0,4.0
7643,157,404.0,4.0
7644,157,377.0,3.0
7645,157,199.0,4.0
7646,157,83.0,4.0
7647,157,183.0,4.0
7648,157,387.0,4.0
7649,157,576.0,4.0
7650,157,267.0,3.0
7651,157,415.0,3.0
7652,157,177.0,4.0
7653,157,250.0,3.0
7654,157,392.0,4.0
7655,157,344.0,4.0
7656,157,532.0,3.0
7657,157,84.0,3.0
7658,157,89.0,4.0
7659,157,577.0,4.0
7660,157,42.0,3.0
7661,157,395.0,4.0
7662,157,49.0,4.0
7663,157,560.0,4.0
7664,157,372.0,4.0
8040,85,634.0,3.0
8041,85,345.0,5.0
8042,85,337.0,4.0
8043,85,564.0,4.0
8044,85,415.0,2.0
8045,85,282.0,3.0
8046,85,526.0,2.0
8047,85,379.0,4.0
8048,85,401.0,2.0
8049,85,245.0,4.0
8050,85,23.0,4.0
8051,85,567.0,5.0
8052,85,590.0,3.0
8053,85,256.0,4.0
8054,85,444.0,3.0
8055,85,413.0,5.0
8056,85,321.0,5.0
8057,85,398.0,4.0
8058,85,279.0,4.0
8059,85,274.0,4.0
8060,85,365.0,5.0
8061,85,300.0,3.0
8062,85,84.0,4.0
8063,85,573.0,2.0
8064,85,623.0,2.0
8065,85,43.0,1.0
8066,85,255.0,4.0
8067,85,560.0,4.0
8068,85,351.0,4.0
8069,85,317.0,4.0
8070,85,364.0,3.0
8071,85,362.0,5.0
8072,85,562.0,5.0
8073,85,591.0,4.0
8074,85,287.0,4.0
8075,85,161.0,5.0
8076,85,620.0,2.0
8077,85,25.0,2.0
8078,85,344.0,4.0
8079,85,622.0,2.0
8080,85,462.0,5.0
8081,85,239.0,5.0
8082,85,125.0,5.0
8083,85,271.0,4.0
8084,85,388.0,1.0
8085,85,136.0,5.0
8086,85,211.0,3.0
8087,85,397.0,3.0
8088,85,411.0,5.0
8089,85,253.0,4.0
8090,85,557.0,4.0
8091,85,223.0,5.0
8092,85,81.0,5.0
8093,85,3.0,3.0
8094,85,453.0,2.0
8095,85,392.0,2.0
8096,85,13.0,3.0
8097,85,82.0,3.0
8098,85,247.0,3.0
8099,85,360.0,5.0
8100,85,44.0,5.0
8101,85,49.0,4.0
8102,85,343.0,3.0
8103,85,403.0,5.0
8104,85,414.0,5.0
8105,85,450.0,2.0
8106,85,237.0,4.0
8107,85,570.0,3.0
8108,85,559.0,2.0
8109,85,619.0,3.0
8110,85,348.0,4.0
8111,85,68.0,4.0
8112,85,322.0,5.0
8113,85,381.0,5.0
8114,85,349.0,5.0
8115,85,378.0,3.0
8116,85,404.0,4.0
8117,85,24.0,5.0
8118,85,4.0,5.0
8119,85,406.0,4.0
8120,85,603.0,2.0
8121,85,346.0,4.0
8122,85,26.0,4.0
8123,85,380.0,4.0
8124,85,395.0,4.0
8125,85,22.0,3.0
8126,85,131.0,2.0
8127,85,252.0,2.0
8128,85,565.0,3.0
8129,85,347.0,3.0
8130,85,426.0,1.0
8131,85,393.0,4.0
8132,85,46.0,4.0
8133,85,569.0,3.0
8134,85,310.0,4.0
8135,85,571.0,2.0
8136,85,89.0,4.0
8137,85,273.0,1.0
8138,85,568.0,4.0
8139,85,412.0,4.0
8140,85,83.0,1.0
8141,85,72.0,4.0
8142,85,387.0,2.0
8143,85,574.0,2.0
8144,85,616.0,5.0
8145,85,394.0,4.0
8146,85,470.0,2.0
8147,85,236.0,4.0
8148,85,410.0,2.0
8149,85,42.0,4.0
8150,85,268.0,2.0
8151,85,563.0,2.0
8152,85,278.0,1.0
8153,85,354.0,5.0
8850,79,211.0,5.0
8851,79,590.0,4.0
8852,79,348.0,5.0
8853,79,341.0,4.0
8854,79,539.0,5.0
8855,79,571.0,5.0
8856,79,535.0,2.0
8857,79,577.0,5.0
8858,79,201.0,4.0
8859,79,591.0,5.0
8860,79,443.0,5.0
8861,79,478.0,5.0
8862,79,195.0,3.0
8863,79,412.0,4.0
8864,79,258.0,3.0
8865,79,444.0,3.0
8866,79,124.0,4.0
8867,79,570.0,4.0
8868,79,411.0,5.0
8869,79,576.0,3.0
8870,79,595.0,3.0
8871,79,375.0,5.0
8872,79,300.0,4.0
8873,79,350.0,3.0
8874,79,574.0,3.0
8875,79,277.0,4.0
8876,79,349.0,5.0
8877,79,526.0,3.0
8878,79,236.0,4.0
8879,79,340.0,5.0
8880,79,567.0,3.0
8881,79,566.0,5.0
8882,79,352.0,5.0
8883,79,410.0,5.0
8884,79,565.0,4.0
8885,79,338.0,4.0
8886,79,254.0,3.0
8887,79,337.0,5.0
8888,79,414.0,4.0
8889,79,453.0,5.0
8890,79,364.0,4.0
8891,79,354.0,3.0
8892,79,347.0,5.0
8893,79,447.0,4.0
8894,79,568.0,4.0
8895,79,346.0,5.0
8896,79,187.0,4.0
8897,79,560.0,4.0
8898,79,573.0,4.0
8899,79,537.0,2.0
8900,79,581.0,5.0
8901,79,564.0,4.0
8902,79,166.0,5.0
8903,79,572.0,4.0
8904,79,471.0,4.0
8905,79,361.0,3.0
8906,79,562.0,4.0
8907,79,199.0,5.0
8908,79,239.0,3.0
8909,79,603.0,4.0
8910,79,22.0,3.0
8911,79,344.0,4.0
8912,79,380.0,4.0
8913,79,309.0,5.0
8914,79,413.0,4.0
8915,79,238.0,4.0
8916,79,362.0,4.0
8917,79,197.0,3.0
8918,79,372.0,4.0
8919,79,303.0,5.0
8920,79,280.0,5.0
8921,79,379.0,5.0
8922,79,237.0,5.0
8923,79,3.0,4.0
8924,79,345.0,4.0
8925,79,200.0,4.0
8926,79,557.0,3.0
8927,79,569.0,5.0
9178,200,568.0,5.0
9179,200,369.0,4.0
9180,200,51.0,5.0
9181,200,532.0,4.0
9182,200,278.0,5.0
9183,200,82.0,5.0
9184,200,535.0,3.0
9185,200,321.0,5.0
9186,200,266.0,5.0
9187,200,387.0,4.0
9188,200,271.0,5.0
9189,200,567.0,5.0
9190,200,39.0,4.0
9191,200,131.0,5.0
9192,200,600.0,3.0
9193,200,616.0,5.0
9194,200,581.0,2.0
9195,200,354.0,5.0
9196,200,282.0,3.0
9197,200,388.0,5.0
9198,200,622.0,5.0
9199,200,563.0,5.0
9200,200,576.0,4.0
9201,200,574.0,5.0
9202,200,351.0,5.0
9203,200,534.0,4.0
9204,200,564.0,5.0
9205,200,623.0,5.0
9206,200,620.0,5.0
9207,200,111.0,5.0
9208,200,414.0,5.0
9209,200,81.0,5.0
9210,200,357.0,5.0
9211,200,175.0,5.0
9212,200,404.0,5.0
9213,200,53.0,5.0
9214,200,277.0,5.0
9215,200,275.0,5.0
9216,200,274.0,5.0
9217,200,37.0,4.0
9218,200,372.0,5.0
9219,200,65.0,5.0
9220,200,67.0,5.0
9221,200,236.0,5.0
9222,200,572.0,5.0
9223,200,410.0,5.0
9224,200,590.0,5.0
9225,200,262.0,5.0
9226,200,84.0,5.0
9227,200,619.0,5.0
9228,200,301.0,5.0
9229,200,14.0,5.0
9230,200,83.0,5.0
9231,200,360.0,4.0
9232,200,571.0,5.0
9233,200,4.0,5.0
9234,200,565.0,5.0
9235,200,411.0,5.0
9236,200,66.0,5.0
9237,200,444.0,5.0
9238,200,570.0,5.0
9239,200,604.0,3.0
9240,200,300.0,4.0
9241,200,364.0,4.0
9242,200,591.0,4.0
9243,200,377.0,4.0
9244,200,156.0,5.0
9245,200,264.0,5.0
9246,200,603.0,3.0
9247,200,239.0,5.0
9248,200,322.0,5.0
9249,200,240.0,5.0
9250,200,59.0,5.0
9251,200,526.0,5.0
9252,200,425.0,5.0
9253,200,276.0,5.0
9254,200,533.0,4.0
9255,200,32.0,5.0
9256,200,75.0,5.0
9257,200,77.0,1.0
9258,200,577.0,4.0
9259,200,537.0,4.0
9260,200,573.0,5.0
9261,200,136.0,4.0
9262,200,413.0,5.0
9263,200,412.0,5.0
9264,200,617.0,3.0
9431,107,409.0,5.0
9432,107,649.0,5.0
9433,107,300.0,4.0
9434,107,510.0,5.0
9435,107,726.0,5.0
9436,107,160.0,5.0
9437,107,337.0,4.0
9438,107,401.0,4.0
9439,107,655.0,5.0
9440,107,322.0,5.0
9441,107,462.0,5.0
9442,107,353.0,5.0
9443,107,341.0,5.0
9444,107,637.0,5.0
9445,107,680.0,5.0
9446,107,518.0,5.0
9447,107,321.0,3.0
9448,107,356.0,5.0
9449,107,406.0,4.0
9450,107,352.0,4.0
9451,107,652.0,5.0
9452,107,125.0,5.0
9453,107,656.0,5.0
9454,107,651.0,5.0
9455,107,79.0,5.0
9456,107,617.0,4.0
9457,107,55.0,5.0
9458,107,199.0,5.0
9459,107,634.0,4.0
9460,107,100.0,4.0
9461,107,381.0,5.0
9462,107,197.0,5.0
9463,107,336.0,4.0
9464,107,195.0,4.0
9465,107,81.0,5.0
9466,107,582.0,5.0
9467,107,708.0,5.0
9468,107,4.0,5.0
9469,107,400.0,5.0
9470,107,83.0,4.0
9471,107,665.0,5.0
9472,107,575.0,5.0
9473,107,347.0,5.0
9474,107,420.0,4.0
9475,107,11.0,5.0
9476,107,344.0,5.0
9477,107,3.0,5.0
9478,107,407.0,4.0
9479,107,607.0,5.0
9480,107,387.0,4.0
9481,107,539.0,5.0
9482,107,377.0,4.0
9483,107,382.0,4.0
9484,107,131.0,5.0
9485,107,648.0,5.0
9486,107,82.0,4.0
9487,107,23.0,2.0
9488,107,489.0,5.0
9489,107,355.0,5.0
9490,107,354.0,5.0
9491,107,620.0,5.0
9492,107,201.0,4.0
9493,107,84.0,4.0
9494,107,683.0,5.0
9495,107,452.0,5.0
9496,107,388.0,3.0
9497,107,461.0,5.0
9498,107,404.0,4.0
9499,107,505.0,5.0
9500,107,563.0,4.0
9501,107,380.0,5.0
9502,107,159.0,5.0
9503,107,365.0,4.0
9504,107,346.0,5.0
9505,107,383.0,5.0
9506,107,364.0,5.0
9507,107,172.0,5.0
9508,107,394.0,4.0
9509,107,285.0,5.0
9510,107,697.0,5.0
9511,107,363.0,4.0
9512,107,245.0,5.0
9513,107,267.0,4.0
9514,107,616.0,5.0
9515,107,345.0,5.0
9516,107,303.0,4.0
9517,107,412.0,5.0
9518,107,589.0,4.0
9519,107,654.0,5.0
9520,107,511.0,5.0
9521,107,72.0,5.0
9522,107,513.0,5.0
9523,107,583.0,5.0
9524,107,200.0,5.0
9525,107,642.0,5.0
9526,107,211.0,5.0
9527,107,89.0,5.0
9528,107,46.0,5.0
9529,107,153.0,5.0
9530,107,486.0,5.0
9531,107,43.0,5.0
9532,107,362.0,5.0
9533,107,521.0,5.0
9534,107,403.0,3.0
9535,107,348.0,4.0
9536,107,349.0,5.0
9537,107,482.0,5.0
9538,107,42.0,5.0
9539,107,472.0,5.0
9540,107,666.0,5.0
9541,107,397.0,5.0
9542,107,529.0,5.0
9543,107,398.0,5.0
9544,107,331.0,3.0
9545,107,522.0,5.0
9546,107,44.0,5.0
9547,107,360.0,5.0
9548,107,411.0,5.0
9549,107,586.0,4.0
9550,107,170.0,5.0
12938,65,228.0,3.0
12939,65,377.0,4.0
12940,65,366.0,5.0
12941,65,392.0,5.0
12942,65,266.0,4.0
12943,65,412.0,4.0
12944,65,200.0,4.0
12945,65,254.0,3.0
12946,65,277.0,4.0
12947,65,409.0,5.0
12948,65,367.0,3.0
12949,65,26.0,5.0
12950,65,253.0,3.0
12951,65,362.0,4.0
12952,65,279.0,3.0
12953,65,354.0,4.0
12954,65,347.0,4.0
12955,65,25.0,1.0
12956,65,360.0,4.0
12957,65,211.0,5.0
12958,65,336.0,4.0
12959,65,338.0,3.0
12960,65,394.0,2.0
12961,65,296.0,4.0
12962,65,255.0,2.0
12963,65,573.0,4.0
12964,65,400.0,5.0
12965,65,395.0,5.0
12966,65,526.0,4.0
12967,65,300.0,4.0
12968,65,538.0,3.0
12969,65,46.0,4.0
12970,65,381.0,2.0
12971,65,450.0,4.0
12972,65,263.0,4.0
12973,65,572.0,4.0
12974,65,380.0,5.0
12975,65,239.0,4.0
12976,65,267.0,4.0
12977,65,261.0,4.0
12978,65,348.0,2.0
12979,65,397.0,5.0
12980,65,590.0,2.0
12981,65,423.0,4.0
12982,65,393.0,3.0
12983,65,252.0,4.0
12984,65,195.0,4.0
12985,65,382.0,2.0
12986,65,410.0,4.0
12987,65,404.0,3.0
12988,65,44.0,5.0
12989,65,3.0,5.0
12990,65,322.0,5.0
12991,65,427.0,5.0
12992,65,100.0,4.0
12993,65,282.0,2.0
12994,65,258.0,4.0
12995,65,620.0,4.0
12996,65,349.0,4.0
12997,65,403.0,5.0
12998,65,264.0,4.0
12999,65,331.0,4.0
13000,65,245.0,4.0
13001,65,278.0,4.0
13002,65,401.0,3.0
13003,65,321.0,5.0
13004,65,406.0,5.0
13005,65,23.0,4.0
13006,65,379.0,5.0
13007,65,374.0,5.0
13008,65,68.0,3.0
13009,65,398.0,5.0
13010,65,358.0,3.0
13011,65,343.0,4.0
13012,65,363.0,2.0
13013,65,236.0,4.0
13014,65,565.0,4.0
13015,65,458.0,3.0
13016,65,346.0,4.0
13017,65,197.0,3.0
13018,65,411.0,3.0
13019,65,22.0,3.0
13020,65,246.0,5.0
13021,65,43.0,5.0
13022,65,8.0,3.0
13023,65,364.0,3.0
13024,65,24.0,2.0
13025,65,280.0,3.0
13026,65,407.0,5.0
13027,65,275.0,4.0
13028,65,276.0,4.0
13029,65,378.0,4.0
14179,99,89.0,3.0
14180,99,109.0,5.0
14181,99,8.0,4.0
14182,99,333.0,4.0
14183,99,347.0,4.0
14184,99,453.0,3.0
14185,99,654.0,5.0
14186,99,368.0,5.0
14187,99,373.0,2.0
14188,99,274.0,3.0
14189,99,252.0,4.0
14190,99,404.0,4.0
14191,99,332.0,4.0
14192,99,321.0,4.0
14193,99,537.0,5.0
14194,99,575.0,3.0
14195,99,411.0,5.0
14196,99,366.0,4.0
14197,99,341.0,5.0
14198,99,247.0,5.0
14199,99,356.0,4.0
14200,99,194.0,3.0
14201,99,136.0,4.0
14202,99,131.0,4.0
14203,99,367.0,4.0
14204,99,371.0,5.0
14205,99,578.0,4.0
14206,99,410.0,4.0
14207,99,280.0,4.0
14208,99,655.0,5.0
14209,99,211.0,4.0
14210,99,46.0,4.0
14211,99,577.0,5.0
14212,99,380.0,5.0
14213,99,558.0,5.0
14214,99,337.0,4.0
14215,99,362.0,5.0
14216,99,116.0,5.0
14217,99,364.0,4.0
14218,99,536.0,5.0
14219,99,164.0,5.0
14220,99,338.0,4.0
14221,99,388.0,5.0
14222,99,658.0,4.0
14223,99,346.0,4.0
14224,99,279.0,3.0
14225,99,135.0,4.0
14226,99,375.0,3.0
14227,99,23.0,4.0
14228,99,303.0,4.0
14229,99,83.0,4.0
14230,99,262.0,5.0
14231,99,81.0,4.0
14232,99,230.0,5.0
14233,99,535.0,5.0
14234,99,345.0,4.0
14235,99,360.0,4.0
14236,99,245.0,5.0
14237,99,481.0,5.0
14238,99,24.0,3.0
14239,99,3.0,3.0
14240,99,348.0,5.0
14241,99,642.0,5.0
14242,99,79.0,4.0
14243,99,122.0,5.0
14244,99,294.0,4.0
14245,99,461.0,5.0
14246,99,322.0,5.0
14247,99,266.0,4.0
14248,99,361.0,4.0
14249,99,354.0,5.0
14250,99,607.0,5.0
14251,99,576.0,5.0
14252,99,363.0,5.0
14253,99,349.0,5.0
14254,99,636.0,4.0
14255,99,430.0,5.0
14256,99,409.0,5.0
14257,99,246.0,4.0
14258,99,200.0,2.0
14259,99,100.0,5.0
14260,99,278.0,4.0
14261,99,84.0,3.0
14262,99,496.0,5.0
14263,99,370.0,5.0
14264,99,648.0,5.0
14265,99,387.0,5.0
14266,99,420.0,4.0
